【整租】科学大道 升龙又一城(1期 2室1厅,升龙又一城(1期,https://legoclick.58.com/cpaclick?target=szqlXB3draOWUvYf0A-80A7Guvq8uL-ds1n3n1NzPHN3nH9knjT3XaO1pZwVUT7bsHmdrjcOnA7WsHn1mW9VPjDOnBd6nvDvsHRbPjI6uHK6rHb1uTDYnW0LnHTYnWDvnWDOrTDKn191PHcdPH9QrjTknj9KPjTknjTkTHEknjTknTDLnjD1PTD1PjcKnHNvnjb1nHNYnHDdPkDQTNujsgKWsyQG0Lw_uyuYTHDKnEDKsHDKTHDQnjEOPHTQn1bQnW9Qn1NvrjEKnTDQnHczrjCznjTkg1nknjTKnE7huWuWPyNvPBYOrjwBsHwBm1mVrjPhraYvPAPbnWE3mHNdm1TKnHD1PH0On1bLP1EzPHb1PWn3PTDQnHndP1b1rH0Ln1NYPWn1nWDvTEDYnW9zTHnYn9DQsWTKTiYKTE7CIZwk01CfsLGlsWN3shPfUiqkpyOkmy-MUvOMXgNf0A3fnit4Uy-80ZFGmvNqnWTkn7t1njTkTEDYnB3zn1m8nHnksWD1THTKnTDQsWTKPjc3n97exEDQnjTkP9DQnjTkrjNQTHcduWnduH76sHmOnWDVPAN1midBmHTvsHw-rjn3nAN3uhwWnTDKnTDKTHEQPW0LnAN1nvF6nhcvmvn&tid=25f35e1a-6921-4e3a-ba06-4e8380e8fdc0
【整租】曼哈顿 曼哈顿广场 1室0厅,曼哈顿广场,https://legoclick.58.com/cpaclick?target=szqlXB3draOWUvYf0A-80A7Guvq8uL-ds1n3Pj0zPWNkrjbYPHb3XaO1pZwVUT7bsHmdrjcOnA7WsHn1mW9VPjDOnBd6nvDvsHRbPjI6uHK6rHb1uTDQnHcOPj9kPHcdrHcLnTDKn19YP1cvPHT3rHEdrH9KPjTknjTkTHEknjTknTDLnjD1PTD1PjcKnHNvnjb1nHNYnHDdPkDzTNujsgKWsyQG0Lw_uyuYTHDKnEDKsHDKTHDkPWb3Pj0dnWTQPjnLPjbQnWTKnTDQnHczrjCznjTkg1nknjTKnED1PjP6uANOmBYznWEOsHwWnADVmWPbniYOPhEdnWcYPWNQPHmKnHD1rH0zrHDLPHEdPW0OnWNLP9DQnHnOP1cOnH0dn1b3nj0zn1ckTEDYnW9zTHnYn9DQsWTKTiYKTE7CIZwk01CfsLGlsWN3shPfUiqkpyOkmy-MUvOMXgNf0A3fnit4Uy-80ZFGmvNqnWTkn7t1njTkTEDYnB3zn1m8nHnksWD1THTKnTDQsWTKPjc3n97exEDQnjTkP9DQnjTkrjNQTHn3myEzPHTOsy7WmWNVPAcvPadBuhm3sy7BP16buy76P1TLu9DKnTDKTyNQmvn3mWIWPj6bnWmdPhc&tid=38ad2509-acb5-4b64-bff8-ab78deaa707f
【整租】曼哈顿 曼哈顿广场 2室1厅,曼哈顿广场,https://legoclick.58.com/cpaclick?target=szqlXB3draOWUvYf0A-80A7Guvq8uL-ds1n3PjcLPjbvPjbznH0kXaO1pZwVUT7bsHmdrjcOnA7WsHn1mW9VPjDOnBd6nvDvsHRbPjI6uHK6rHb1uTDQnHcOPj9kPHcdrHcLnTDKn19YnW0YrHmYrHcQP1TKPjTknjTkTHEknjTknTDLnjD1PTD1PjcKnHNvnjb1nHNYnHDdPkD1TNujsgKWsyQG0Lw_uyuYTHDKnEDKsHDKTHDkPWb3Pj0dnWTQPjnLPjbQnWTKnTDQnHczrjCznjTkg1nknjTKnEDzmv7hrj6BmBY3nWcvsHEOuhnVmHK6mBYYPH9duHIBnhPhmW9KnHD1rjcYrHNdPWT3nH03PW93nTDQnHn3nWEOPHNvnjnQPjNQnHnvTEDYnW9zTHnYn9DQsWTKTiYKTE7CIZwk01CfsLGlsWN3shPfUiqkpyOkmy-MUvOMXgNf0A3fnit4Uy-80ZFGmvNqnWTkn7t1njTkTEDYnB3zn1m8nHnksWD1THTKnTDQsWTKPjc3n97exEDQnjTkP9DQnjTkrjNQTH91rjP-ryNLsH66rAmVPjPWPBY3nW91sycQnyNLrjTvnjFbuEDKnTDKTHPhrjN1uhEzPywBm1nLrAm&tid=8383e9e7-8a8f-43c6-8283-b11e780602de
【整租】通泰路 红星蚂蚁SOHO 2室2厅,红星蚂蚁SOHO,https://legoclick.58.com/cpaclick?target=szqlXB3draOWUvYf0A-80A7Guvq8uL-ds1n3PjNzPH0QrHEQrHTYXaO1pZwVUT7bsHmdrjcOnA7WsHn1mW9VPjDOnBd6nvDvsHRbPjI6uHK6rHb1uTDQnHcOPj9kPHcdrHcLnTDKn19YPHcdP1DOPjDOnjEKPjTknjTkTHEknjTknTDLnjD1PTD1PjcKnHNvnjb1nHNYnHDdPkDYTNujsgKWsyQG0Lw_uyuYTHDKnEDKsHDKTHDkPWb3Pj0dnWTQPjnLPjbQnWTKnTDQnHczrjCznjTkg1nknjTKnEDdrjDQn1w6nBYLujDYsHEYmWTVmhmQnzYLuj9kmWn3nHb3ryEKnHD1rHTLnHczrjnLnWn1PWmYnTDQnHnOnj0QnWc3n1TOPjcznj9kTEDYnW9zTHnYn9DQsWTKTiYKTE7CIZwk01CfsLGlsWN3shPfUiqkpyOkmy-MUvOMXgNf0A3fnit4Uy-80ZFGmvNqnWTkn7t1njTkTEDYnB3zn1m8nHnksWD1THTKnTDQsWTKPjc3n97exEDQnjTkP9DQnjTkrjNQTHnvPAcdPh7WsyRWnHDVPj9YnBdBrjR6syF6uynznvNknvc1nTDKnTDKTyuWujDOuWR6PHELPHndPhc&tid=364b56ac-ec11-4842-b85a-baec23e03b30
【整租】玉凤路 升龙凤凰城D区 2室2厅,升龙凤凰城D区,https://legoclick.58.com/cpaclick?target=szqlXB3draOWUvYf0A-80A7Guvq8uL-ds1n3PjnQnj9vrH9drjmvXaO1pZwVUT7bsHmdrjcOnA7WsHn1mW9VPjDOnBd6nvDvsHRbPjI6uHK6rHb1uTDQnHcOPj9kPHcdrHcLnTDKn19Yn1DkrjmOrjN3PWmKPjTknjTkTHEknjTknTDLnjD1PTD1PjcKnHNvnjb1nHNYnHDdPkDdTNujsgKWsyQG0Lw_uyuYTHDKnEDKsHDKTHDkPWb3Pj0dnWTQPjnLPjbQnWTKnTDQnHczrjCznjTkg1nknjTKnEDdPvFWPAE1uBYdmHnksHw-nhmVmhmLPaY3mvP6rjEkP1nvuyEKnHD1rjnvP1ckrHnkn10QPH9YnTDQnHn3n1mLnWTOnHbYPWm3njnzTEDYnW9zTHnYn9DQsWTKTiYKTE7CIZwk01CfsLGlsWN3shPfUiqkpyOkmy-MUvOMXgNf0A3fnit4Uy-80ZFGmvNqnWTkn7t1njTkTEDYnB3zn1m8nHnksWD1THTKnTDQsWTKPjc3n97exEDQnjTkP9DQnjTkrjNQTyD1PWRhryDksyn3ryEVPAmvnBY3mymLsH7Wnj9OrHmknjT1u9DKnTDKTH0YnvEvuH0zPvmQujIBPWN&tid=a365f9a0-c89d-4f62-8af7-1c089960003f
【整租】通泰路 白庄社区 2室2厅,白庄社区,https://legoclick.58.com/cpaclick?target=szqlXB3draOWUvYf0A-80A7Guvq8uL-ds1n3Pjn3PjcLnHcdn19YXaO1pZwVUT7bsHmdrjcOnA7WsHn1mW9VPjDOnBd6nvDvsHRbPjI6uHK6rHb1uTD1PHTdn1bLPHnOPHTLrEDKn19Yn19YnW0QnWN1rjEKPjTknjTkTHEknjTknTDLnjD1PTD1PjcKnHNvnjb1nHNYnHDdrTDvTNujsgKWsyQG0Lw_uyuYTHDKnEDKsHDKTHDQnjn3n1NQPW0dnWc1njEknjTKnTDQnHczrjCznjTkg1nknjTKnED3nHI6mvR6mzYOPhDLsHEvryEVmH6bPBdbrjbOnywbnWw-P1mKnHD1rjmkP101nHTzrHTvPH0zrTDQnHn3PWTLP1nkrHEOn1mOrjNvTEDYnW9zTHnYn9DQsWTKTiYKTE7CIZwk01CfsLGlsWN3shPfUiqkpyOkmy-MUvOMXgNf0A3fnit4Uy-80ZFGmvNqnWTkn7t1njTkTEDYnB3zn1m8nHnksWD1THTKnTDQsWTKPjc3n97exEDQnjTkP9DQnjTkrjNQTHndnW66PWbdsH7WmhmVPjuWPad6nAu6sHcdnWnYrjbLnAcOmkDKnTDKTHRhPWwbm1nzmvF-myEQmW9&tid=3528a695-1cbf-46c4-a0fa-252348970b9c
【整租】城东路 源升金锣湾 2室2厅,源升金锣湾,https://legoclick.58.com/cpaclick?target=szqlXB3draOWUvYf0A-80A7Guvq8uL-ds1n3n1D3njc3nWN3n1EQXaO1pZwVUT7bsHmdrjcOnA7WsHn1mW9VPjDOnBd6nvDvsHRbPjI6uHK6rHb1uTDdrjcYPWNdnj0YnWNYnEDKn191nH9knW9zPH91PjDKPjTknjTkTHEknjTknTDLnjD1PTD1PjcKnHNvnjb1nHNYnHDdrTDLTNujsgKWsyQG0Lw_uyuYTHDKnEDKsHDKTHDQnHNkP10QnHcQrjNLPWN3rjbKnTDQnHczrjCznjTkg1nknjTKnED3njDQmW0knBdBuhNYsHEvnHTVmW--mBYLPjw-myPWnjP-nHNKnHD1PjmvnWNknHTQnHNLnjm3rTDQnHnYPWmzPHTkrHDkrHT1nWbvTEDYnW9zTHnYn9DQsWTKTiYKTE7CIZwk01CfsLGlsWN3shPfUiqkpyOkmy-MUvOMXgNf0A3fnit4Uy-80ZFGmvNqnWTkn7t1njTkTEDYnB3zn1m8nHnksWD1THTKnTDQsWTKPjc3n97exEDQnjTkP9DQnjTkrjNQTycLPWnLnH-hsyE3myNVPjDYPBd6nWKhsyE1n1NvuWc1rH9ku9DKnTDKTHm3PAmdrAE1PWIBmhm3uW0&tid=b763719f-d8ae-4146-a20f-d3356f23980f
【整租】玉凤路 升龙凤凰城A区 2室2厅,升龙凤凰城A区,https://legoclick.58.com/cpaclick?target=szqlXB3draOWUvYf0A-80A7Guvq8uL-ds1nLPWmdrjnQn1DvPWE1XaO1pZwVUT7bsHmdrjcOnA7WsHn1mW9VPjDOnBd6nvDvsHRbPjI6uHK6rHb1uTD1n1c1nHm1nW93rjTLP9DKn10vPWN3n1D1nHmvPjnKPjTknjTkTHEknjTknTDLnjD1PTD1PjcKnHNvnjb1nHNYnHDdrTD3TNujsgKWsyQG0Lw_uyuYTHDKnEDKsHDKTHDkP1cLnjEQP1cvnHTkn1b3nj9KnTDQnHczrjCznjTkg1nknjTKnEDOrHbknHc1niY1mW-BsHEQrADVmWRWPaYzPhmduj7BrjDzuymKnHDQn1cOnHnQnHEYPH0QPWbOn9DQnHD1nWbQn1DQPjckPHNdnWmYTEDYnW9zTHnYn9DQsWTKTiYKTE7CIZwk01CfsLGlsWN3shPfUiqkpyOkmy-MUvOMXgNf0A3fnit4Uy-80ZFGmvNqnWTkn7t1njTkTEDYnB3zn1m8nHnksWD1THTKnTDQsWTKPjc3n97exEDQnjTkP9DQnjTkrjNQTH0kPHTvnWEzsynkrHEVPADdmBdBuynvsyDOmhcQnh7WnHPhPEDKnTDKTynvuW0kPWmvPvNzPj--mWT&tid=70506242-c094-4a5b-bec6-a9bb12ac13f5
【整租】玉凤路 升龙凤凰城A区 2室1厅,升龙凤凰城A区,https://legoclick.58.com/cpaclick?target=szqlXB3draOWUvYf0A-80A7Guvq8uL-ds1n3nWNkPjD3njTLPW9vXaO1pZwVUT7bsHmdrjcOnA7WsHn1mW9VPjDOnBd6nvDvsHRbPjI6uHK6rHb1uTD1n1c1nHm1nW93rjTLP9DKn19zPHTYnH9knj0vrjmKPjTknjTkTHEknjTknTDLnjD1PTD1PjcKnHNvnjb1nHNYnHDdrTDOTNujsgKWsyQG0Lw_uyuYTHDKnEDKsHDKTHDkP1cLnjEQP1cvnHTkn1b3nj9KnTDQnHczrjCznjTkg1nknjTKnE7bPjDOuyEOriYQnjn3sHEQPHnVmhEvnzdBmvR6mHbzuyFhuHmKnHD1nWEYP1TYrjEYPjbdnWNLP9DQnHnzPjELnjE3n1mOPjNdnHTYTEDYnW9zTHnYn9DQsWTKTiYKTE7CIZwk01CfsLGlsWN3shPfUiqkpyOkmy-MUvOMXgNf0A3fnit4Uy-80ZFGmvNqnWTkn7t1njTkTEDYnB3zn1m8nHnksWD1THTKnTDQsWTKPjc3n97exEDQnjTkP9DQnjTkrjNQTHbkn1KbrHubsyN3n19VPjNYPBdBnAD1sHP6mW7bPvcLrA7Wm9DKnTDKTyELnW0Lmhuhn1mkuWPBnvE&tid=9030d96d-e838-4546-b0a3-3ab1d7b78acb
【整租】东风南路 郑河小区 3室1厅,郑河小区,https://legoclick.58.com/cpaclick?target=szqlXB3draOWUvYf0A-80A7Guvq8uL-ds1n3nWbdnWN3n1TznHTzXaO1pZwVUT7bsHmdrjcOnA7WsHn1mW9VPjDOnBd6nvDvsHRbPjI6uHK6rHb1uTDYPWmvrHEdPjbOrjT1PkDKn19zrHNzPH91njcQnjcKPjTknjTkTHEknjTknTDLnjD1PTD1PjcKnHNvnjb1nHNYnHDdrTDQnT7AEzdkmzd_pgPYUARhITDQTHDKTiYQTEDQnjNOn1E3njDOP1EvPj0QrHnLTHTKnHDznW9lnWTkn7t1njTkTHDKnHRWPH0zuyDVryFWraYYPj9zsH6hPvNVmh7-PHDdPAEQPANdTHDQn1nOnHm1P1EOrH0OPjczP1cKnHD1n1bQPWnLPjbYn1EQnWczPTDKPjc3n9D1PjcKni3kTEDVTEDKpZwY0ZnlszqlXB3draOWUvYf0A-80A7Guvq8uL-dsLK8s1Df5vdGUMKzpyP-5HcknjKxn1TknTDKPjc8nWnvsWD1na3QnkDkTHTKni3kTHEzrjcKXLYKnHTknjmKnHTknj9dnE7hrAm3PyNvnidbrH66sHwhujNVmW7WmBdhuHmQnvPhmWD1PymKTHTKTE7BPjnYPvwBPHNvPvcYuWu6&tid=f8f85e61-d98a-4fd5-b1cb-fe613cfb135f
【整租】龙子湖 汇艺悦公馆 1室1厅,汇艺悦公馆,https://legoclick.58.com/cpaclick?target=szqlXB3draOWUvYf0A-80A7Guvq8uL-ds1n3njnYPHNYnWnkrjTdXaO1pZwVUT7bsHmdrjcOnA7WsHn1mW9VPjDOnBd6nvDvsHRbPjI6uHK6rHb1uTDvnjNLPHbQPHckP1b1rEDKn19kn1EdPHEzn1T3njNKPjTknjTkTHEknjTknTDLnjD1PTD1PjcKnHNvnjb1nHNYnHDdrTDQnE7AEzdkmzd_pgPYUARhITDQTHDKTiYQTEDQnHcdnWEznjELPH0Yn1c1nWTkTHTKnHDznW9lnWTkn7t1njTkTHDKmHmdrjmknHmVmWcLmiYYm1cQsy7-m1NVmH91PWm1mW7-nj9QTHDQnWN1P1nvnWn3rjbkPj0dPHcKnHDzPHnLn1mzn191njnzP1cOP9DKPjc3n9D1PjcKni3kTEDVTEDKpZwY0ZnlszqlXB3draOWUvYf0A-80A7Guvq8uL-dsLK8s1Df5vdGUMKzpyP-5HcknjKxn1TknTDKPjc8nWnvsWD1na3QnkDkTHTKni3kTHEzrjcKXLYKnHTknjmKnHTknj9dnEDOPWwWnj0vmidBnjb3sHE1mvcVrAu6mBYzPHcOrAwWnvc1P10KTHTKTED3rHE3PAu-uAcvnyDvuWbY&tid=964c076a-b098-43cb-8fab-25298dc3b377
【整租】龙湖冠寓郑州人民公园店 铭功路 郑州大卫城店,铭功路,https://legoclick.58.com/cpaclick?target=szqlXB3draOWUvYf0A-80A7Guvq8uL-ds1nLP1NkPjTvP1D3rjmvXaO1pZwVUT7bsHmdrjcOnA7WsHn1mW9VPjDOnBd6nvDvsHRbPjI6uHK6rHb1uTDdP19LrjE3nWEQnj0vP9DKn10LPHTYnjmLnH93PWmKPjTknjTkTHEknjTknTDLnjD1PTD1PjcKnHNvnjb1nHNYnHDdrTDQn97AEzdkmzd_pgPYUARhITDQTHDKTiYQTEDzPHnvrHNYrH9kP1DkPHmKnTDQnHczrjCznjTkg1nknjTKnEDOPjIBP1b1nzYOmW--sHwbnhcVrHIWmzY1uWbYPWcLn17BnjnKnHDQPWTvnWmLrjcYP1c3rj91n9DQnHDvnjmzPW03nH0drH9dPWmYTEDYnW9zTHnYn9DQsWTKTiYKTE7CIZwk01CfsLGlsWN3shPfUiqkpyOkmy-MUvOMXgNf0A3fnit4Uy-80ZFGmvNqnWTkn7t1njTkTEDYnB3zn1m8nHnksWD1THTKnTDQsWTKPjc3n97exEDQnjTkP9DQnjTkrjNQTHNznjKBuANksHP6PvDVPjczmzdBPAELsHD3nAc3uj9QmhNYn9DKnTDKTymYnADOPyR-PjnvPym1ryD&tid=5200bde0-3a7a-422c-b4d7-180b8d81be42
【整租】轻巢公寓 连云路 轻巢酒店公寓,连云路,https://legoclick.58.com/cpaclick?target=szqlXB3draOWUvYf0A-80A7Guvq8uL-ds1nvPWb1PH01rjnkPHNvXaO1pZwVUT7bsHmdrjcOnA7WsHn1mW9VPjDOnBd6nvDvsHRbPjI6uHK6rHb1uTDYPWb1P1TknHmLnHDOnTDKn1mvrHndP1n3n1TdPHmKPjTknjTkTHEknjTknTDLnjD1PTD1PjcKnHNvnjb1nHNYnHDdrTDQnk7AEzdkmzd_pgPYUARhITDQTHDKTiYQTEDQnj9QnjTvPWDQrHTdrHcQnjcYTHTKnHDznW9lnWTkn7t1njTkTHDKuyDOPvuBPWEVuHmYPzYYmvu-sHbdP1NVPAwhnhPBuyP6PW01THDkrjDYn1c1P19kP1ELn19vrj9KnHT3nHE1nWnLrjTQPWTQrjE1nkDKPjc3n9D1PjcKni3kTEDVTEDKpZwY0ZnlszqlXB3draOWUvYf0A-80A7Guvq8uL-dsLK8s1Df5vdGUMKzpyP-5HcknjKxn1TknTDKPjc8nWnvsWD1na3QnkDkTHTKni3kTHEzrjcKXLYKnHTknjmKnHTknj9dnED3n1cvPH0vuaYOPvmOsHE1PANVrHEvuaYOmvEQmWcvujNzPhEKTHTKTEDdujwhPH-hmH9zn10duHmv&tid=8326576d-97f9-434e-946d-9cd1b26d526d
【整租】祭城 祭城社区盛和街2 3室0厅,祭城社区盛和街2,https://legoclick.58.com/cpaclick?target=szqlXB3draOWUvYf0A-80A7Guvq8uL-ds1n3nHmznHbkP19OP191XaO1pZwVUT7bsHmdrjcOnA7WsHn1mW9VPjDOnBd6nvDvsHRbPjI6uHK6rHb1uTDYP19zP1nQrHNkrH03n9DKn19QPWcQrHTLrjbLrjnKPjTknjTkTHEknjTknTDLnjD1PTD1PjcKnHNvnjb1nHNYnHDdrTDQPT7AEzdkmzd_pgPYUARhITDQTHDKTiYQTEDQnHcLP1mQPWmLnHbOrj0LnHckTHTKnHDznW9lnWTkn7t1njTkTHDKPj0QmHELnW9VnWb1mBYYnhmYsH-bnWnVmvDdnjckPyDduHNdTHDQnWbdPHmknH9vrHNdnHmQPWTKnHDzrHNdPWTQrjmYrHn3nWbQn9DKPjc3n9D1PjcKni3kTEDVTEDKpZwY0ZnlszqlXB3draOWUvYf0A-80A7Guvq8uL-dsLK8s1Df5vdGUMKzpyP-5HcknjKxn1TknTDKPjc8nWnvsWD1na3QnkDkTHTKni3kTHEzrjcKXLYKnHTknjmKnHTknj9dnEDvuA7WuhNQnBYvmHKbsHEOnH0VmW6hridBPAcdmHmvuhE1ujNKTHTKTE76uyc3nHNzmWu6nHcOnH76&tid=6dacfe12-6a0d-4917-b8f9-b4b5a66fd3d5
【整租】乐乎公寓 南阳路 乐乎南阳路店,南阳路,https://legoclick.58.com/cpaclick?target=szqlXB3draOWUvYf0A-80A7Guvq8uL-ds1n3PjcOrHELPjnknH03XaO1pZwVUT7bsHmdrjcOnA7WsHn1mW9VPjDOnBd6nvDvsHRbPjI6uHK6rHb1uTDvnWmdn1E1n1mvnjE1nTDKn19YnWbOPj0Yn1TQP19KPjTknjTkTHEknjTknTDLnjD1PTD1PjcKnHNvnjb1nHNYnHDdrTDQPE7AEzdkmzd_pgPYUARhITDQTHDKTiYQTEDQnHDzrHbkn1T1rHmYn10Lnj93THTKnHDznW9lnWTkn7t1njTkTHDKuHPBP1FWuWbVuWIBPzYYrHEQsH9kPHnVuHb1n19QPhE3uy7hTHDQn191nWb3PW9zPjNvrjTQnW9KnHD1rjnzrH9vrjD3PWbdrH9Ln9DKPjc3n9D1PjcKni3kTEDVTEDKpZwY0ZnlszqlXB3draOWUvYf0A-80A7Guvq8uL-dsLK8s1Df5vdGUMKzpyP-5HcknjKxn1TknTDKPjc8nWnvsWD1na3QnkDkTHTKni3kTHEzrjcKXLYKnHTknjmKnHTknj9dnE7WP1DvnvDzuBYzujE3sHEdnjnVmWmQnzdhm17BrHc1ujEznhEKTHTKTED3PhNOuWD3rH7-PvDdmvnL&tid=c7163a2f-2d48-4503-b613-fc1b923d422d
【整租】郑东新区周边 龙兴嘉苑三号院 3室1厅,龙兴嘉苑三号院,https://legoclick.58.com/cpaclick?target=szqlXB3draOWUvYf0A-80A7Guvq8uL-ds1n3nWT3P1NznW9vnHDdXaO1pZwVUT7bsHmdrjcOnA7WsHn1mW9VPjDOnBd6nvDvsHRbPjI6uHK6rHb1uTDYrjT1nWTvPHn1rjmYn9DKn19znj9LPHczrjmQnHNKPjTknjTkTHEknjTknTDLnjD1PTD1PjcKnHNvnjb1nHNYnHDdrEDQP97AEzdkmzd_pgPYUARhITDQTHDKTiYQTEDQnHD3n1cvrj9zrjmQrjNYP1ckTHTKnHDznW9lnWTkn7t1njTkTHDKnyDduWmQnHbVn1c1naYYnycvsycvnynVmWb3ryNOuHcdm1w-THDQn1DkrjDLPjNOnW9dPW93n1cKnHD1nHT3nH0YPH9dn1TvP1cvPTDKPjc3n9D1PjcKni3kTEDVTEDKpZwY0ZnlszqlXB3draOWUvYf0A-80A7Guvq8uL-dsLK8s1Df5vdGUMKzpyP-5HcknjKxn1TknTDKPjc8nWnvsWD1na3QnkDkTHTKni3kTHEzrjcKXLYKnHTknjmKnHTknj9dnEDvuhc1nWTzraYknHuBsHEduAcVmWbOuad6rAnznvEvPHmzn10KTHTKTEDkrjbzPhRWuH0Onvn3rHDY&tid=6fb32028-016b-45db-b99d-a8c23d656237
【整租】通泰路 润城时光里 2室1厅,润城时光里,https://legoclick.58.com/cpaclick?target=szqlXB3draOWUvYf0A-80A7Guvq8uL-ds1n3n191PWTkPjNdP1DQXaO1pZwVUT7bsHmdrjcOnA7WsHn1mW9VPjDOnBd6nvDvsHRbPjI6uHK6rHb1uTDQnHcOPj9kPHcdrHcLnTDKn191rjnvnjTYPHNLnHDKPjTknjTkTHEknjTknTDLnjD1PTD1PjcKnHNvnjb1nHNYnHDdrEDQPk7AEzdkmzd_pgPYUARhITDQTHDKTiYQTEDQnjmOrjELPHcknHE1P1EOnHckTHTKnHDznW9lnWTkn7t1njTkTHDKrH9knjbdP1mVmhuBraYYmHmksH6BmhnVmy7bujwhn1cQm1KbTHDQn1m3nHDQP1TLnjn3rjEzrj9KnHD1PW9QnHDLnjmYrHndrjn1P9DKPjc3n9D1PjcKni3kTEDVTEDKpZwY0ZnlszqlXB3draOWUvYf0A-80A7Guvq8uL-dsLK8s1Df5vdGUMKzpyP-5HcknjKxn1TknTDKPjc8nWnvsWD1na3QnkDkTHTKni3kTHEzrjcKXLYKnHTknjmKnHTknj9dnED3mywWP1nzuiYzrH0OsHE3rHcVmHEkuBdhuAwWryRbPAR-njEKTHTKTED3Phn3njP6uHmvmvm3uHcQ&tid=8adc732e-2979-4892-a40f-fddc9ed4ee04
【整租】龙湖冠寓郑州人民公园店 玉凤路 郑州郑汴路店,玉凤路,https://legoclick.58.com/cpaclick?target=szqlXB3draOWUvYf0A-80A7Guvq8uL-ds1n3PjN1PHEznW93PWNzXaO1pZwVUT7bsHmdrjcOnA7WsHn1mW9VPjDOnBd6nvDvsHRbPjI6uHK6rHb1uTDdP19LrjE3nWEQnj0vP9DKn19YPHndPjczrj9vPHcKPjTknjTkTHEknjTknTDLnjD1PTD1PjcKnHNvnjb1nHNYnHDdrEDQrT7AEzdkmzd_pgPYUARhITDQTHDKTiYQTEDzPHnvrHNYrH9kP1DkPHmKnTDQnHczrjCznjTkg1nknjTKnE7WmymzPjNYuBdhP1EksHEzujmVrymkPaY3nHDdnj7huHIhrADKnHD1rHDkn1TzPjNvnjE3rjEYrTDQnHnOnHT1njcYPHTdrHN3PjTkTEDYnW9zTHnYn9DQsWTKTiYKTE7CIZwk01CfsLGlsWN3shPfUiqkpyOkmy-MUvOMXgNf0A3fnit4Uy-80ZFGmvNqnWTkn7t1njTkTEDYnB3zn1m8nHnksWD1THTKnTDQsWTKPjc3n97exEDQnjTkP9DQnjTkrjNQTycdmHNkuAFWsH66PhmVPj66uBY3PW66sHEvuhPWnhwbPW6bu9DKnTDKTy7-uW0vPWbzP1DkmHwbPj9&tid=b5a50dbc-8a6f-48af-868a-46fcc2dd68df
【整租】未来路 首座国际公寓 2室2厅,首座国际公寓,https://legoclick.58.com/cpaclick?target=szqlXB3draOWUvYf0A-80A7Guvq8uL-ds1n3n1mdnjTOrHmkn1EQXaO1pZwVUT7bsHmdrjcOnA7WsHn1mW9VPjDOnBd6nvDvsHRbPjI6uHK6rHb1uTDQnHcOPj9kPHcdrHcLnTDKn191PWNknjbOPWT1PjDKPjTknjTkTHEknjTknTDLnjD1PTD1PjcKnHNvnjb1nHNYnHDdrEDQrE7AEzdkmzd_pgPYUARhITDQTHDKTiYQTEDQnjmOrjELPHcknHE1P1EOnHckTHTKnHDznW9lnWTkn7t1njTkTHDKP1NkPju-rH9VnAm1nBYYPHbOsycLnjNVuj0vPjb1nW6brjE1THDQn1mznjDOrH0vrHN3PWTLn1mKnHD1PWcknHbOP1mzPjNdP1NvrTDKPjc3n9D1PjcKni3kTEDVTEDKpZwY0ZnlszqlXB3draOWUvYf0A-80A7Guvq8uL-dsLK8s1Df5vdGUMKzpyP-5HcknjKxn1TknTDKPjc8nWnvsWD1na3QnkDkTHTKni3kTHEzrjcKXLYKnHTknjmKnHTknj9dnED3Pjwhm1K-uiYOujT1sHEvnAmVmWDLPaYvmhu-nhm1mvR6n1TKTHTKTE76nWbduAR6PAubnjbdPjb1&tid=844fc0ee-9d03-460f-b174-6bfe2f3cea30
【整租】龙湖冠寓郑州人民公园店 金水路 郑州人民公园店,金水路,https://legoclick.58.com/cpaclick?target=szqlXB3draOWUvYf0A-80A7Guvq8uL-ds1nvrjndrjTYrjb1nHbYXaO1pZwVUT7bsHmdrjcOnA7WsHn1mW9VPjDOnBd6nvDvsHRbPjI6uHK6rHb1uTDdP19LrjE3nWEQnj0vP9DKn1m3n1N3njE3rHnQrHEKPjTknjTkTHEknjTknTDLnjD1PTD1PjcKnHNvnjb1nHNYnHDdrEDznT7AEzdkmzd_pgPYUARhITDQTHDKTiYQTEDzPHnvrHNYrH9kP1DkPHmKnTDQnHczrjCznjTkg1nknjTKnEDknvm3PjbQuBYvmhD3sHEvPvcVrjR6miYduWcQnHNLrHm1PW0KnHT3PWTOn1TkPHN3nHbOnHb1P9DQnj9vnjb1njTdPHDOnj0Ln10vTEDYnW9zTHnYn9DQsWTKTiYKTE7CIZwk01CfsLGlsWN3shPfUiqkpyOkmy-MUvOMXgNf0A3fnit4Uy-80ZFGmvNqnWTkn7t1njTkTEDYnB3zn1m8nHnksWD1THTKnTDQsWTKPjc3n97exEDQnjTkP9DQnjTkrjNQTHD1mW0dmyNvsHKWrymVPjmvuad6m1cQsH-WmvEkPjDLPy7Wu9DKnTDKTyEdrHDzmvF6uhDQnjw6PAD&tid=13b75ae6-0c9f-466d-ac21-9ccd04175acf
【整租】途遇有朋 东大街 紫荆山店,东大街,https://legoclick.58.com/cpaclick?target=szqlXB3draOWUvYf0A-80A7Guvq8uL-ds1n3PjcLrHNdPWbYn1NLXaO1pZwVUT7bsHmdrjcOnA7WsHn1mW9VPjDOnBd6nvDvsHRbPjI6uHK6rHb1uTDdPHmznjDvPj0zPjcYn9DKn19YnW0OPHNvrHE1PH0KPjTknjTkTHEknjTknTDLnjD1PTD1PjcKnHNvnjb1nHNYnHDdrEDznE7AEzdkmzd_pgPYUARhITDQTHDKTiYQTEDQnHcdPWN1nHTOrjNOPWbvPWEkTHTKnHDznW9lnWTkn7t1njTkTHDKPj6WnvDvuWbVPhE1nBYYmHcLsyczPhDVPjmvm1nQmvEQmWF6THDQn19zPWEvnjcOP1NYnHm1nWTKnHD1rjcvPjmknWbQnWNkPH9dPkDKPjc3n9D1PjcKni3kTEDVTEDKpZwY0ZnlszqlXB3draOWUvYf0A-80A7Guvq8uL-dsLK8s1Df5vdGUMKzpyP-5HcknjKxn1TknTDKPjc8nWnvsWD1na3QnkDkTHTKni3kTHEzrjcKXLYKnHTknjmKnHTknj9dnE7BnvnYPHc1midbPjnvsHEvrAcVrHwBnBYzm1bkrANLrHFhn1nKTHTKTED3rjF-uyu-uWEvnjRBnycz&tid=b3c4523a-d436-468b-94b2-2c908e792f33
【整租】通泰路 润城时光里 2室1厅,润城时光里,https://legoclick.58.com/cpaclick?target=szqlXB3draOWUvYf0A-80A7Guvq8uL-ds1n3nWnOPHDdPWcOnj0QXaO1pZwVUT7bsHmdrjcOnA7WsHn1mW9VPjDOnBd6nvDvsHRbPjI6uHK6rHb1uTD1n1TvPjn1PWN1PWn1nEDKn19zn1bdnHNvnWbkP1DKPjTknjTkTHEknjTknTDLnjD1PTD1PjcKnHNvnjb1nHNYnHDdrEDzn97AEzdkmzd_pgPYUARhITDQTHDKTiYQTEDQnHnkPWNzP1mkPj93rjckP1nvTHTKnHDznW9lnWTkn7t1njTkTHDKnWF6mvRhmHDVrjcQPaYYn1RhsH-6nWDVrH6WPAmOrHRBuhc1THDQn1ckrjbLrHbkPW01nHmznWEKnHD1nWT3rH0OrjbOPWTQP1Ddn9DKPjc3n9D1PjcKni3kTEDVTEDKpZwY0ZnlszqlXB3draOWUvYf0A-80A7Guvq8uL-dsLK8s1Df5vdGUMKzpyP-5HcknjKxn1TknTDKPjc8nWnvsWD1na3QnkDkTHTKni3kTHEzrjcKXLYKnHTknjmKnHTknj9dnE7BnWwWrH03PBYOnhnYsHwbnHbVmH--PadhrHEYnjcOPHT3ujEKTHTKTE7-rjnYuAnvPj7hPAcOPWKB&tid=b24c9786-92c4-4d19-a9e4-f944029508d4
【整租】通泰路 润城时光里 2室2厅,润城时光里,https://legoclick.58.com/cpaclick?target=szqlXB3draOWUvYf0A-80A7Guvq8uL-ds1n3nWDLrHDznHm1rjNQXaO1pZwVUT7bsHmdrjcOnA7WsHn1mW9VPjDOnBd6nvDvsHRbPjI6uHK6rHb1uTD1n1TvPjn1PWN1PWn1nEDKn19znH0OnHcQPWn3PHDKPjTknjTkTHEknjTknTDLnjD1PTD1PjcKnHNvnjb1nHNYnHDdrEDznk7AEzdkmzd_pgPYUARhITDQTHDKTiYQTEDQnHnkPWNzP1mkPj93rjckP1nvTHTKnHDznW9lnWTkn7t1njTkTHDKrjNLnWcdPhDVnhuWPiYYm1NLsH9QnjmVnWndrANzP1RWPvwWTHDQn1D1rjD3rHmLn1DLnjN1PjEKnHD1nHn3nH9OPWmvnjEknWDLP9DKPjc3n9D1PjcKni3kTEDVTEDKpZwY0ZnlszqlXB3draOWUvYf0A-80A7Guvq8uL-dsLK8s1Df5vdGUMKzpyP-5HcknjKxn1TknTDKPjc8nWnvsWD1na3QnkDkTHTKni3kTHEzrjcKXLYKnHTknjmKnHTknj9dnE7-uH0duHubnzYznj6bsHE3uynVrH6-miYYnhP6PHPWPjDdm1cKTHTKTEDznWbOPvnQuA7BPyDOnAP-&tid=ee75e6d3-208d-48ec-98ea-42ca53c415c2
【整租】龙湖冠寓郑州人民公园店 金水路 郑州人民公园店,金水路,https://legoclick.58.com/cpaclick?target=szqlXB3draOWUvYf0A-80A7Guvq8uL-ds1nvrjndrjTYnWTYrHEkXaO1pZwVUT7bsHmdrjcOnA7WsHn1mW9VPjDOnBd6nvDvsHRbPjI6uHK6rHb1uTDdP19LrjE3nWEQnj0vP9DKn1m3n1N3njEznjEOPjTKPjTknjTkTHEknjTknTDLnjD1PTD1PjcKnHNvnjb1nHNYnHDdrEDzPT7AEzdkmzd_pgPYUARhITDQTHDKTiYQTEDzPHnvrHNYrH9kP1DkPHmKnTDQnHczrjCznjTkg1nknjTKnEDzrH0vPjKBuBYzrj6BsHwWm1cVmW7WriYdnvc3nj66nAubnhnKnHT3PWTOnWb3n1D1PjTLnW91n9DQnj9vnjbzrH91njEdrHbvPHEYTEDYnW9zTHnYn9DQsWTKTiYKTE7CIZwk01CfsLGlsWN3shPfUiqkpyOkmy-MUvOMXgNf0A3fnit4Uy-80ZFGmvNqnWTkn7t1njTkTEDYnB3zn1m8nHnksWD1THTKnTDQsWTKPjc3n97exEDQnjTkP9DQnjTkrjNQTyc3rHN1mWbOsHc3uHnVPADdPiYOmHDQsywhm1u6mvuhnHD1mEDKnTDKTH9OPvckrHwhnh7bn1NdrAE&tid=b8953b99-28e3-4a55-9a11-dfc6acff113a
【整租】曼哈顿 曼哈顿广场 1室2厅,曼哈顿广场,https://legoclick.58.com/cpaclick?target=szqlXB3draOWUvYf0A-80A7Guvq8uL-ds1n3n1NkPjb3rHDznWbkXaO1pZwVUT7bsHmdrjcOnA7WsHn1mW9VPjDOnBd6nvDvsHRbPjI6uHK6rHb1uTDQnHcOPj9kPHcdrHcLnTDKn191PHTYrH9OnHczrHTKPjTknjTkTHEknjTknTDLnjD1PTD1PjcKnHNvnjb1nHNYnHDdrEDzPE7AEzdkmzd_pgPYUARhITDQTHDKTiYQTEDQnjmOrjELPHcknHE1P1EOnHckTHTKnHDznW9lnWTkn7t1njTkTHDKmHckuAcQPvNVPAEvPBYYPH0YsyFhujbVn1uWuAE1PAubujbzTHDQn1NLnWmYrHb1n1nQPHm3PWEKnHD1PH0zPWEOrHcLnjcYnWnkPTDKPjc3n9D1PjcKni3kTEDVTEDKpZwY0ZnlszqlXB3draOWUvYf0A-80A7Guvq8uL-dsLK8s1Df5vdGUMKzpyP-5HcknjKxn1TknTDKPjc8nWnvsWD1na3QnkDkTHTKni3kTHEzrjcKXLYKnHTknjmKnHTknj9dnEDYuHI6m1ckPzY1m19dsHw6mhDVrju-PzdBmvF6PH-bPHTYPhDKTHTKTEDvnWPhuyEzPyFbnjw6P1b1&tid=4e7ac207-3c85-4aba-86e7-bcba59d5046a
【整租】郑东新区周边 商都嘉园安置小区 3室1厅,商都嘉园安置小区,https://legoclick.58.com/cpaclick?target=szqlXB3draOWUvYf0A-80A7Guvq8uL-ds1n3n1mQrjTYPH01nWTzXaO1pZwVUT7bsHmdrjcOnA7WsHn1mW9VPjDOnBd6nvDvsHRbPjI6uHK6rHb1uTDdPjNOrj9kPWDOrHTvnkDKn191PWD3njEdP1nznjcKPjTknjTkTHEknjTknTDLnjD1PTD1PjcKnHNvnjb1nHNYnHDvnTDzP97AEzdkmzd_pgPYUARhITDQTHDKTiYQTEDQnHndP1EvnjD1nH9QPHcvnjDvTHTKnHDznW9lnWTkn7t1njTkTHDKnvDduWK-ryNVnHczPBYYuhmdsyDknHEVPAnvuWcLmWmLrAuBTHDQn1mkrHmOPWnQnWNdrj0OPW9KnHD1PWTOPWbvn1TvnWmLP1NkPTDKPjc3n9D1PjcKni3kTEDVTEDKpZwY0ZnlszqlXB3draOWUvYf0A-80A7Guvq8uL-dsLK8s1Df5vdGUMKzpyP-5HcknjKxn1TknTDKPjc8nWnvsWD1na3QnkDkTHTKni3kTHEzrjcKXLYKnHTknjmKnHTknj9dnE7bPH01rAR-PaYdPycksHEzrHDVryFbPiYvmHbdPvNznj7hPWTKTHTKTE7BPHNzPHNdmhN1P1ELPhFh&tid=d5738ee4-55b0-4291-9bd5-6a957e201f60
【整租】科学大道 盛世港湾 4室2厅,盛世港湾,https://legoclick.58.com/cpaclick?target=szqlXB3draOWUvYf0A-80A7Guvq8uL-ds1n3nHNznjb3PHE1nWnOXaO1pZwVUT7bsHmdrjcOnA7WsHn1mW9VPjDOnBd6nvDvsHRbPjI6uHK6rHb1uTDYPjmLPjTOPjTzPjELnTDKn19QPHckrH9dPjnzn1bKPjTknjTkTHEknjTknTDLnjD1PTD1PjcKnHNvnjb1nHNYnHDvnTDzPk7AEzdkmzd_pgPYUARhITDQTHDKTiYQTEDQnHTdnjn1Pjc1rjnLnWDvP1m3THTKnHDznW9lnWTkn7t1njTkTHDKnhc1ryEzuhcVmHn3nBYYn16-sH--PyNVrHEkrHmvujN3uAm3THDQnWbznWN1nHNOP19kPWn3P1cKnHDzrHczPHnQPHbzP101PWnznTDKPjc3n9D1PjcKni3kTEDVTEDKpZwY0ZnlszqlXB3draOWUvYf0A-80A7Guvq8uL-dsLK8s1Df5vdGUMKzpyP-5HcknjKxn1TknTDKPjc8nWnvsWD1na3QnkDkTHTKni3kTHEzrjcKXLYKnHTknjmKnHTknj9dnE7WnHNkmynYmzYOuAndsHEvrAmVmWmQPiYOP1NOP1FBnyP6uWTKTHTKTE7hryc3m1R-PW9YrHnYn19k&tid=c150ac4c-9dc5-468f-b615-975972b1caf0
【整租】城东路 源升金锣湾 2室2厅,源升金锣湾,https://legoclick.58.com/cpaclick?target=szqlXB3draOWUvYf0A-80A7Guvq8uL-ds1n3nHmzPWc3n1bvPHEOXaO1pZwVUT7bsHmdrjcOnA7WsHn1mW9VPjDOnBd6nvDvsHRbPjI6uHK6rHb1uTDdrjcYPWNdnj0YnWNYnEDKn19QPWcvnW91rHmdPjbKPjTknjTkTHEknjTknTDLnjD1PTD1PjcKnHNvnjb1nHNYnHDvnTDzrT7AEzdkmzd_pgPYUARhITDQTHDKTiYQTEDQnHDdnj0LnHDznH9dP1mdrj9OTHTKnHDznW9lnWTkn7t1njTkTHDKnH91uHKWPjnVmWTzPaYYuHbOsH9knyNVrHT1m1-huAPhujI-THDQnWbdP1T1PH91Pjb3nj0vnHmKnHDzrHNLnjndrjcLrjNkPjEYrTDKPjc3n9D1PjcKni3kTEDVTEDKpZwY0ZnlszqlXB3draOWUvYf0A-80A7Guvq8uL-dsLK8s1Df5vdGUMKzpyP-5HcknjKxn1TknTDKPjc8nWnvsWD1na3QnkDkTHTKni3kTHEzrjcKXLYKnHTknjmKnHTknj9dnE7buW0Luhm3uadWuHbQsHEOPHcVrywbPBd6uym3uHF-mWwBrHTKTHTKTE7Wm1T3myFhnHELnHb3PHTd&tid=df77ff8d-ce91-4952-9dd6-aef8e2eb4b90
【整租】郑东新区周边 商都嘉园安置小区 3室1厅,商都嘉园安置小区,https://legoclick.58.com/cpaclick?target=szqlXB3draOWUvYf0A-80A7Guvq8uL-ds1n3PjDQn19zrHcYnjn1XaO1pZwVUT7bsHmdrjcOnA7WsHn1mW9VPjDOnBd6nvDvsHRbPjI6uHK6rHb1uTDdPjNOrj9kPWDOrHTvnkDKn19YnHD1rjcOnWEkn1nKPjTknjTkTHEknjTknTDLnjD1PTD1PjcKnHNvnjb1nHNYnHDvnTDzrE7AEzdkmzd_pgPYUARhITDQTHDKTiYQTEDQnHndP1EvnjD1nH9QPHcvnjDvTHTKnHDznW9lnWTkn7t1njTkTHDKP1PBPWD3mvEVuyF-uiYYnWDdsyFhrymVryckPj0YnHckPvDdTHDQn10LnWDdPjmvnjN3P1DQnjEKnHD1P10znHNYPWN1rj0vnWcYnTDKPjc3n9D1PjcKni3kTEDVTEDKpZwY0ZnlszqlXB3draOWUvYf0A-80A7Guvq8uL-dsLK8s1Df5vdGUMKzpyP-5HcknjKxn1TknTDKPjc8nWnvsWD1na3QnkDkTHTKni3kTHEzrjcKXLYKnHTknjmKnHTknj9dnE7WrHNYnj9LuadBPjbYsHw-PvDVmHckmiYQnHmkn1I-PWnYnHNKTHTKTEDYuHm3n1K-PAnLPH-hujF-&tid=c954087d-b494-4e7a-a20a-116037e63415
【整租】郑东新区周边 商都嘉园安置小区 3室1厅,商都嘉园安置小区,https://legoclick.58.com/cpaclick?target=szqlXB3draOWUvYf0A-80A7Guvq8uL-ds1n3PjmLnjnLrHm3PHcOXaO1pZwVUT7bsHmdrjcOnA7WsHn1mW9VPjDOnBd6nvDvsHRbPjI6uHK6rHb1uTDdPjNOrj9kPWDOrHTvnkDKn19YPW0kn10OPW9dnWbKPjTknjTkTHEknjTknTDLnjD1PTD1PjcKnHNvnjb1nHNYnHDvnTD1nT7AEzdkmzd_pgPYUARhITDQTHDKTiYQTEDQnHndP1EvnjD1nH9QPHcvnjDvTHTKnHDznW9lnWTkn7t1njTkTHDKrjN1njNLPhEVnjc3nBYYuhwhsyDOrH9VryR-ryE1P10zmym3THDQn1bdPjNzPHDkP19znWD3nWNKnHD1rHNYPHcdnHTkPWbznW0dn9DKPjc3n9D1PjcKni3kTEDVTEDKpZwY0ZnlszqlXB3draOWUvYf0A-80A7Guvq8uL-dsLK8s1Df5vdGUMKzpyP-5HcknjKxn1TknTDKPjc8nWnvsWD1na3QnkDkTHTKni3kTHEzrjcKXLYKnHTknjmKnHTknj9dnE7Wmy7WPvP6nzYYPhPhsHw-nHmVmyEknBYdmHNYmvuWPvR-uHbKTHTKTED3PHu6PWmYmhFWuAR-n1TO&tid=caac7ca3-46cf-4e16-ad02-5a54cfc7eee9
【整租】龙湖冠寓郑州人民公园店 铭功路 郑州大卫城店,铭功路,https://legoclick.58.com/cpaclick?target=szqlXB3draOWUvYf0A-80A7Guvq8uL-ds1nvPHbznWDzn103PHD3XaO1pZwVUT7bsHmdrjcOnA7WsHn1mW9VPjDOnBd6nvDvsHRbPjI6uHK6rHb1uTDdP19LrjE3nWEQnj0vP9DKn1mdrHcznHc1P19dnH9KPjTknjTkTHEknjTknTDLnjD1PTD1PjcKnHNvnjb1nHNYnHDvnTD1nE7AEzdkmzd_pgPYUARhITDQTHDKTiYQTEDzPHnvrHNYrH9kP1DkPHmKnTDQnHczrjCznjTkg1nknjTKnE7bnWKWm1DvmidbPANOsHw-PW0VrAnLniYznvFbnWubujDdnj9KnHTLrjDQnjbvPWcdn1m1n1N1P9DQnj03nHDkrHmvnH01rHnLPWmYTEDYnW9zTHnYn9DQsWTKTiYKTE7CIZwk01CfsLGlsWN3shPfUiqkpyOkmy-MUvOMXgNf0A3fnit4Uy-80ZFGmvNqnWTkn7t1njTkTEDYnB3zn1m8nHnksWD1THTKnTDQsWTKPjc3n97exEDQnjTkP9DQnjTkrjNQTyNvmvEkPH9LsyNOnHcVPAE1nid6uADksH03nyD1rjP6nWDdrEDKnTDKTymzujcLuHIWPH01rAPhnjD&tid=e6cd0587-e912-4d31-ada0-781a383a2159
【整租】龙湖冠寓郑州人民公园店 金水路 郑州人民公园店,金水路,https://legoclick.58.com/cpaclick?target=szqlXB3draOWUvYf0A-80A7Guvq8uL-ds1nvrjndrjTdPHT1n1mvXaO1pZwVUT7bsHmdrjcOnA7WsHn1mW9VPjDOnBd6nvDvsHRbPjI6uHK6rHb1uTDdP19LrjE3nWEQnj0vP9DKn1m3n1N3njNdnjn1PWmKPjTknjTkTHEknjTknTDLnjD1PTD1PjcKnHNvnjb1nHNYnHDvnTD1n97AEzdkmzd_pgPYUARhITDQTHDKTiYQTEDzPHnvrHNYrH9kP1DkPHmKnTDQnHczrjCznjTkg1nknjTKnEDYmhPbuAndnzYduHF-sHw-PvDVrynOnBYzmvcdnh7BPjKWryDKnHT3PWTOn1TzPHNvP19dnjEOP9DQnj9vnjb1njcdPHD1n1cYPHEYTEDYnW9zTHnYn9DQsWTKTiYKTE7CIZwk01CfsLGlsWN3shPfUiqkpyOkmy-MUvOMXgNf0A3fnit4Uy-80ZFGmvNqnWTkn7t1njTkTEDYnB3zn1m8nHnksWD1THTKnTDQsWTKPjc3n97exEDQnjTkP9DQnjTkrjNQTyPBPWcYnhcOsyE1mvNVPj7BnBY3nvD3sHckrHEYrym1Pjc1P9DKnTDKTyEOPW-6nyNzmWEkryRbmvN&tid=cb6242b9-d3ce-41b2-83a8-209449f34236
【整租】花园路 世豪小公馆 1室1厅,世豪小公馆,https://legoclick.58.com/cpaclick?target=szqlXB3draOWUvYf0A-80A7Guvq8uL-ds1n3n1DLnH9vPHmOrj01XaO1pZwVUT7bsHmdrjcOnA7WsHn1mW9VPjDOnBd6nvDvsHRbPjI6uHK6rHb1uTDYPjmLPjT3P1EdPWN1PTDKn191nH0QrjmdPWb3P1nKPjTknjTkTHEknjTknTDLnjD1PTD1PjcKnHNvnjb1nHNYnHDvnTD1nk7AEzdkmzd_pgPYUARhITDQTHDKTiYQTEDzPjbQrHmYnjnOrjTzrHmKnTDQnHczrjCznjTkg1nknjTKnEDOPWF6uHbOmiYQnWubsHE3nHbVmyuWraYdrH6BnhRWrHT1mWcKnHD1Pjm1PjbznjmvrHnvnjDzrTDQnHnYPWnYrHckPHb1rjmvP1NzTEDYnW9zTHnYn9DQsWTKTiYKTE7CIZwk01CfsLGlsWN3shPfUiqkpyOkmy-MUvOMXgNf0A3fnit4Uy-80ZFGmvNqnWTkn7t1njTkTEDYnB3zn1m8nHnksWD1THTKnTDQsWTKPjc3n97exEDQnjTkP9DQnjTkrjNQTyPWuAwWuhPhsH9vnWTVPADYraYOnvDvsHNYm1bLuj76PhP6nTDKnTDKTH6bnAmYnAm1n1uhPAN1uAc&tid=ccddcfcf-8620-4a48-93a6-54c97d1a6ca0
【整租】曼哈顿 曼哈顿广场 1室0厅,曼哈顿广场,https://legoclick.58.com/cpaclick?target=szqlXB3draOWUvYf0A-80A7Guvq8uL-ds1n3Pj9dPj0drHbvnjNQXaO1pZwVUT7bsHmdrjcOnA7WsHn1mW9VPjDOnBd6nvDvsHRbPjI6uHK6rHb1uTDQnHcOPj9kPHcdrHcLnTDKn19YrjNYP1NOrHmkPHDKPjTknjTkTHEknjTknTDLnjD1PTD1PjcKnHNvnjb1nHNYnHDvnTD1PT7AEzdkmzd_pgPYUARhITDQTHDKTiYQTEDQnjmOrjELPHcknHE1P1EOnHckTHTKnHDznW9lnWTkn7t1njTkTHDKmhPBnyRWnHcVuhwbPaYYryDOsyc3mWcVmWRbnhFbPjNQmWIbTHDQPjTQPjbYnW9YrHEknWELnjEKnHDYnjDYrHEzrjE1nHDQnjDYPTDKPjc3n9D1PjcKni3kTEDVTEDKpZwY0ZnlszqlXB3draOWUvYf0A-80A7Guvq8uL-dsLK8s1Df5vdGUMKzpyP-5HcknjKxn1TknTDKPjc8nWnvsWD1na3QnkDkTHTKni3kTHEzrjcKXLYKnHTknjmKnHTknj9dnE7buW7BPjcQuidBnhnOsHwbm1EVrjcQmiYQrjR-nW0YnHTvn19KTHTKTEDQn1ndn1RBmyNOujnLnjNO&tid=df1b421e-b2c9-4dc4-821a-185e27410638
【整租】途遇有朋 东大街 紫荆山店,东大街,https://legoclick.58.com/cpaclick?target=szqlXB3draOWUvYf0A-80A7Guvq8uL-ds1n3PjcLrHTvPjDdnHTdXaO1pZwVUT7bsHmdrjcOnA7WsHn1mW9VPjDOnBd6nvDvsHRbPjI6uHK6rHb1uTDdPHmznjDvPj0zPjcYn9DKn19YnW0OnjmYnHNQnjNKPjTknjTkTHEknjTknTDLnjD1PTD1PjcKnHNvnjb1nHNYnHDvnTD1PE7AEzdkmzd_pgPYUARhITDQTHDKTiYQTEDQnHcdPWN1nHTOrjNOPWbvPWEkTHTKnHDznW9lnWTkn7t1njTkTHDKPj9knA76P19Vnhc3nBYYPj6-syFBP1DVrHDdPWRhPAn1m10YTHDQn19zPWcOrj9znjmQnWNkPHmKnHD1rjcvnWb3rjD1Pj9zPHb3PEDKPjc3n9D1PjcKni3kTEDVTEDKpZwY0ZnlszqlXB3draOWUvYf0A-80A7Guvq8uL-dsLK8s1Df5vdGUMKzpyP-5HcknjKxn1TknTDKPjc8nWnvsWD1na3QnkDkTHTKni3kTHEzrjcKXLYKnHTknjmKnHTknj9dnE7bPAEkuAPbmBYOmHF-sHE3mvcVryn3PBYLuj9LnWKWmyndPhEKTHTKTE7WuHNkuyFBmHN1myFWmWEL&tid=d4d0dcdb-9a2e-48cb-9c86-7d8720cac56d
【整租】途遇有朋 东大街 紫荆山店,东大街,https://legoclick.58.com/cpaclick?target=szqlXB3draOWUvYf0A-80A7Guvq8uL-ds1n3Pjc3njTvnWNOrj0dXaO1pZwVUT7bsHmdrjcOnA7WsHn1mW9VPjDOnBd6nvDvsHRbPjI6uHK6rHb1uTDdPHmznjDvPj0zPjcYn9DKn19YnW9knjmzPHb3P1NKPjTknjTkTHEknjTknTDLnjD1PTD1PjcKnHNvnjb1nHNYnHDvnTD1P97AEzdkmzd_pgPYUARhITDQTHDKTiYQTEDQnHcdPWN1nHTOrjNOPWbvPWEkTHTKnHDznW9lnWTkn7t1njTkTHDKrjNzuH-WPynVmvNOmiYYnADOsH9zujEVrjnOn193uW-hnAPbTHDQn19zPWmzPHbOPj0LrH9dnW9KnHD1rjcvPWcdrH9LnWnknHTdP9DKPjc3n9D1PjcKni3kTEDVTEDKpZwY0ZnlszqlXB3draOWUvYf0A-80A7Guvq8uL-dsLK8s1Df5vdGUMKzpyP-5HcknjKxn1TknTDKPjc8nWnvsWD1na3QnkDkTHTKni3kTHEzrjcKXLYKnHTknjmKnHTknj9dnED3nhP6nhckuBdBn1m1sHE1mynVmhuBPBYdn1Ihm1IBn10YrynKTHTKTE76mW--nH7BmyNzn1uWPhRb&tid=82ca2b0f-b363-43ac-bfb6-537fc7b3749c
【整租】城东路 源升金锣湾 4室1厅,源升金锣湾,https://legoclick.58.com/cpaclick?target=szqlXB3draOWUvYf0A-80A7Guvq8uL-ds1n3PjNkP1DznWTdnj0QXaO1pZwVUT7bsHmdrjcOnA7WsHn1mW9VPjDOnBd6nvDvsHRbPjI6uHK6rHb1uTDYPjmLPjT3P1NOPWnQnTDKn19YPHTLnHcznjNkP1DKPjTknjTkTHEknjTknTDLnjD1PTD1PjcKnHNvnjb1nHNYnHDvnED1Pk7AEzdkmzd_pgPYUARhITDQTHDKTiYQTEDzPjbQnHc1njDYnHD1PHcKnTDQnHczrjCznjTkg1nknjTKnEDvPvFhryw-uBYzuyN1sHwWuyDVmH9QridhPWbLujEvuhw-nHbKnHD1rHTQnjc3rjNYPHD3PH0On9DQnHnOnjDknW93PjmOPW9YnWcdTEDYnW9zTHnYn9DQsWTKTiYKTE7CIZwk01CfsLGlsWN3shPfUiqkpyOkmy-MUvOMXgNf0A3fnit4Uy-80ZFGmvNqnWTkn7t1njTkTEDYnB3zn1m8nHnksWD1THTKnTDQsWTKPjc3n97exEDQnjTkP9DQnjTkrjNQTyc1njwBuyNdsHNkPjcVPANQPid6PHIWsyc3Pvu-Pvc3uyD3n9DKnTDKTywWmhmkPH0Lrj76uhw-uWm&tid=b304bee5-5042-4e15-a57c-b87fe7b8ea82
【整租】未来路 未来滨河小区 3室1厅,未来滨河小区,https://legoclick.58.com/cpaclick?target=szqlXB3draOWUvYf0A-80A7Guvq8uL-ds1n3njnkrHN1n1m1P1cQXaO1pZwVUT7bsHmdrjcOnA7WsHn1mW9VPjDOnBd6nvDvsHRbPjI6uHK6rHb1uTDYrjT1nWTvPHn1rjmYn9DKn19kn1TOPHn1PWnLnWDKPjTknjTkTHEknjTknTDLnjD1PTD1PjcKnHNvnjb1nHNYnHDvnED1rT7AEzdkmzd_pgPYUARhITDQTHDKTiYQTEDQnHD3n1cvrj9zrjmQrjNYP1ckTHTKnHDznW9lnWTkn7t1njTkTHDKuWNdPWbOPAmVnHDQnaYYnycOsH9vPjEVryuhnvNYnHDOPvc1THDQnWNzPHNvn1TLPWbQnjmOPjEKnHDzPHcdPHm1njmdPH9vnj01P9DKPjc3n9D1PjcKni3kTEDVTEDKpZwY0ZnlszqlXB3draOWUvYf0A-80A7Guvq8uL-dsLK8s1Df5vdGUMKzpyP-5HcknjKxn1TknTDKPjc8nWnvsWD1na3QnkDkTHTKni3kTHEzrjcKXLYKnHTknjmKnHTknj9dnE7bmW6Wn1wbmzYOnyDLsHwbnW0VmHcLmiYzPj91uhNLPWT3njNKTHTKTED1rjDdmhn3uynQryPbm1mL&tid=db8c34dc-91a7-4d27-a27a-2483fe760805
【整租】龙湖冠寓郑州人民公园店 玉凤路 郑州郑汴路店,玉凤路,https://legoclick.58.com/cpaclick?target=szqlXB3draOWUvYf0A-80A7Guvq8uL-ds1n3PjN1n1nkP19kP1TOXaO1pZwVUT7bsHmdrjcOnA7WsHn1mW9VPjDOnBd6nvDvsHRbPjI6uHK6rHb1uTDdP19LrjE3nWEQnj0vP9DKn19YPHn1n1TLrjTLnjbKPjTknjTkTHEknjTknTDLnjD1PTD1PjcKnHNvnjb1nHNYnHDvnED1rE7AEzdkmzd_pgPYUARhITDQTHDKTiYQTEDzPHnvrHNYrH9kP1DkPHmKnTDQnHczrjCznjTkg1nknjTKnE7-m17WrHEkuBY3nH0dsHwhuH0VrA7hnzYkPh7Wuyc1uj7-nHDKnHD1rHTOPWTOn19zPHEYPH93rTDQnHnOnjbvnjb1P1mvP1cdPWn1TEDYnW9zTHnYn9DQsWTKTiYKTE7CIZwk01CfsLGlsWN3shPfUiqkpyOkmy-MUvOMXgNf0A3fnit4Uy-80ZFGmvNqnWTkn7t1njTkTEDYnB3zn1m8nHnksWD1THTKnTDQsWTKPjc3n97exEDQnjTkP9DQnjTkrjNQTH-WnWnkm16-sy7Bm19VPADYmzY3rHNvsH93PyczPH9YPvRbrTDKnTDKTHPBujc3rjcknvczuj-hmWb&tid=9c230c8e-abc8-4a4c-8956-885b25847ed8
【整租】金水周边 龙翔嘉苑 3室1厅,龙翔嘉苑,https://legoclick.58.com/cpaclick?target=szqlXB3draOWUvYf0A-80A7Guvq8uL-ds1nLrHNzn1mYP1mdP1c3XaO1pZwVUT7bsHmdrjcOnA7WsHn1mW9VPjDOnBd6nvDvsHRbPjI6uHK6rHb1uTDYrjT1nWTvPHn1rjmYn9DKn10OPHc1PWELPWNLnW9KPjTknjTkTHEknjTknTDLnjD1PTD1PjcKnHNvnjb1nHNYnHDvnEDYnT7AEzdkmzd_pgPYUARhITDQTHDKTiYQTEDQnHD3n1cvrj9zrjmQrjNYP1ckTHTKnHDznW9lnWTkn7t1njTkTHDKPvuWrynLnHnVP1T3miYYm17BsH-hnAmVnvndnHTdnHIBP1TOTHDQnWcvrjTYn1bdPW91Pj0Qn1mKnHDznWm3njE1rHNkrHmzPW93nTDKPjc3n9D1PjcKni3kTEDVTEDKpZwY0ZnlszqlXB3draOWUvYf0A-80A7Guvq8uL-dsLK8s1Df5vdGUMKzpyP-5HcknjKxn1TknTDKPjc8nWnvsWD1na3QnkDkTHTKni3kTHEzrjcKXLYKnHTknjmKnHTknj9dnE76nWF6PH9kriYYnW03sHEknWcVmHI6raYOuWKhm19QnjI-mvNKTHTKTEDvuAcYuhF-njNvnAP-nymd&tid=a22a5809-4278-4022-a7a8-9f0fc8107ece
【整租】玉凤路 升龙凤凰城B区 1室1厅,升龙凤凰城B区,https://legoclick.58.com/cpaclick?target=szqlXB3draOWUvYf0A-80A7Guvq8uL-ds1n3n191nHN3PW0YPjE1XaO1pZwVUT7bsHmdrjcOnA7WsHn1mW9VPjDOnBd6nvDvsHRbPjI6uHK6rHb1uTD1n1c1nHm1nW93rjTLP9DKn191rjnQPH9vP1EYPjnKPjTknjTkTHEknjTknTDLnjD1PTD1PjcKnHNvnjb1nHNYnHDvnEDYnE7AEzdkmzd_pgPYUARhITDQTHDKTiYQTEDQnj0zP1TYnH0zPWDknjnOrjT3THTKnHDznW9lnWTkn7t1njTkTHDKPW0YPjDLuWcVuhwhmBYYmHTvsH9vPvmVnH-bn1TQnHELmHmzTHDQn1mLrHmvrHEYnHDLPHDYnWEKnHD1PW0OPWmOPjnYPjmYPWmdP9DKPjc3n9D1PjcKni3kTEDVTEDKpZwY0ZnlszqlXB3draOWUvYf0A-80A7Guvq8uL-dsLK8s1Df5vdGUMKzpyP-5HcknjKxn1TknTDKPjc8nWnvsWD1na3QnkDkTHTKni3kTHEzrjcKXLYKnHTknjmKnHTknj9dnEDYPWwWnvc3mzdhuAE3sHEdnW0VmWEvmzdhPHPhmW9Qnjw-PhcKTHTKTEDknWTOmW9zujb3m1mLrHc3&tid=464c3b8c-fdd8-4527-b46c-f53fb8104e6b
【整租】新东站片 五州新村11号院 4室2厅,五州新村11号院,https://legoclick.58.com/cpaclick?target=szqlXB3draOWUvYf0A-80A7Guvq8uL-ds1n3PjnOnHN3nHnYrHckXaO1pZwVUT7bsHmdrjcOnA7WsHn1mW9VPjDOnBd6nvDvsHRbPjI6uHK6rHb1uTD1PHTdn1bLPHnOPHTLrEDKn19Yn1bQPH9Qn1EOnWTKPjTknjTkTHEknjTknTDLnjD1PTD1PjcKnHNvnjb1nHNYnHDvnEDYn97AEzdkmzd_pgPYUARhITDQTHDKTiYQTEDQnHT1rjndnHmLPHczn1TYnjTkTHTKnHDznW9lnWTkn7t1njTkTHDKrjNvrjN1rjcVPWubuiYYnjmOsy76P1cVnH9OPHK6mHI6mHwWTHDQn19vn1DvrjELPjbdPjD1P1mKnHD1rjm1nHm3PjmOnj9znHDznTDKPjc3n9D1PjcKni3kTEDVTEDKpZwY0ZnlszqlXB3draOWUvYf0A-80A7Guvq8uL-dsLK8s1Df5vdGUMKzpyP-5HcknjKxn1TknTDKPjc8nWnvsWD1na3QnkDkTHTKni3kTHEzrjcKXLYKnHTknjmKnHTknj9dnEDQPym1PHDOPad-P1nksHEvrHbVrjNkPaYLuyFhuWD3uAnQmHmKTHTKTE7BmvFBuhm3n1nOrHc3PWbk&tid=15f35194-e730-4699-8504-7ebff18dc1a6
【整租】新东站片 馨馨花园东院 3室2厅,馨馨花园东院,https://legoclick.58.com/cpaclick?target=szqlXB3draOWUvYf0A-80A7Guvq8uL-ds1n3n1Tvn1N1PHm1njE1XaO1pZwVUT7bsHmdrjcOnA7WsHn1mW9VPjDOnBd6nvDvsHRbPjI6uHK6rHb1uTDYPWmvrHEdPjbOrjT1PkDKn191njm1PHndPWnkPjnKPjTknjTkTHEknjTknTDLnjD1PTD1PjcKnHNvnjb1nHNYnHDvnEDYnk7AEzdkmzd_pgPYUARhITDQTHDKTiYQTEDQnjNOn1E3njDOP1EvPj0QrHnLTHTKnHDznW9lnWTkn7t1njTkTHDKn17WrHTLrHEVmHN3naYYm1EYsy7bPvnVnjDQuWcQmWnknhR6THDQn1EzP1bOPjEYnHNLPHcQrHcKnHD1PjcLrHbYPjnvnHc1njn1P9DKPjc3n9D1PjcKni3kTEDVTEDKpZwY0ZnlszqlXB3draOWUvYf0A-80A7Guvq8uL-dsLK8s1Df5vdGUMKzpyP-5HcknjKxn1TknTDKPjc8nWnvsWD1na3QnkDkTHTKni3kTHEzrjcKXLYKnHTknjmKnHTknj9dnE7hujcdnyubuBYkuhDdsHE3nWNVrjIbmiY1P1PBPhDYPANLnyEKTHTKTE7-mHNOuy7bm1uhnWKhPWFW&tid=fd251fdf-0fa5-4825-87da-373b6a44e71d
【整租】龙湖冠寓郑州人民公园店 玉凤路 郑州郑汴路店,玉凤路,https://legoclick.58.com/cpaclick?target=szqlXB3draOWUvYf0A-80A7Guvq8uL-ds1n3PjmQn10QrjE3n1NdXaO1pZwVUT7bsHmdrjcOnA7WsHn1mW9VPjDOnBd6nvDvsHRbPjI6uHK6rHb1uTDdP19LrjE3nWEQnj0vP9DKn19YPWD1P1D3Pj91PHNKPjTknjTkTHEknjTknTDLnjD1PTD1PjcKnHNvnjb1nHNYnHDvn9DYPT7AEzdkmzd_pgPYUARhITDQTHDKTiYQTEDzPHnvrHNYrH9kP1DkPHmKnTDQnHczrjCznjTkg1nknjTKnE7brjb1m1mQmzdWujNOsHw6P1nVmWEYuiYOuWNOP1mkPWTznAmKnHD1rHndrHN3n1EOnWnOnjbQn9DQnHnOn1NOPH91n10OnHEkPWTOTEDYnW9zTHnYn9DQsWTKTiYKTE7CIZwk01CfsLGlsWN3shPfUiqkpyOkmy-MUvOMXgNf0A3fnit4Uy-80ZFGmvNqnWTkn7t1njTkTEDYnB3zn1m8nHnksWD1THTKnTDQsWTKPjc3n97exEDQnjTkP9DQnjTkrjNQTHuWm1nvmHFBsyuBPjcVPAP6niYOPH-hsH--mhuWPW7-myDLnEDKnTDKTHIBm1NOuH--mycvPARbryE&tid=6cc36a2b-fb42-4ca1-959f-9ebfc61eaa71
【整租】龙湖冠寓郑州人民公园店 玉凤路 郑州郑汴路店,玉凤路,https://legoclick.58.com/cpaclick?target=szqlXB3draOWUvYf0A-80A7Guvq8uL-ds1n3PjmQnjnznj9Yn103XaO1pZwVUT7bsHmdrjcOnA7WsHn1mW9VPjDOnBd6nvDvsHRbPjI6uHK6rHb1uTDdP19LrjE3nWEQnj0vP9DKn19YPWDkn1ckrjE1P19KPjTknjTkTHEknjTknTDLnjD1PTD1PjcKnHNvnjb1nHNYnHDvn9DYPE7AEzdkmzd_pgPYUARhITDQTHDKTiYQTEDzPHnvrHNYrH9kP1DkPHmKnTDQnHczrjCznjTkg1nknjTKnE7huWK-P1--nzdBmvPBsHw-nHNVrADzPiY1rAEvP1bOuA76nHmKnHD1rHnYrjEdnjcOnHc1PW9vPEDQnHnOn1E3PjNknWEOnW9OP1c3TEDYnW9zTHnYn9DQsWTKTiYKTE7CIZwk01CfsLGlsWN3shPfUiqkpyOkmy-MUvOMXgNf0A3fnit4Uy-80ZFGmvNqnWTkn7t1njTkTEDYnB3zn1m8nHnksWD1THTKnTDQsWTKPjc3n97exEDQnjTkP9DQnjTkrjNQTHDYm1P-nynYsyRbuyDVPj6-miYOryn1sHPBPju6PW0LmWRWuEDKnTDKTH-WPvm3PjNvrANLnvmLPAn&tid=14c3e1c4-edea-48ea-99c3-3b46a677b5ce
【整租】二里岗 正商幸福港湾D区 3室1厅,正商幸福港湾D区,https://legoclick.58.com/cpaclick?target=szqlXB3draOWUvYf0A-80A7Guvq8uL-ds1n3nWmzrj9Yn19vrjcLXaO1pZwVUT7bsHmdrjcOnA7WsHn1mW9VPjDOnBd6nvDvsHRbPjI6uHK6rHb1uTDYPjmLPjT3P1NOPWnQnTDKn19zPWc3rjE1rjm3nW0KPjTknjTkTHEknjTknTDLnjD1PTD1PjcKnHNvnjb1nHNYnHDvn9DYP97AEzdkmzd_pgPYUARhITDQTHDKTiYQTEDzPjbQnHc1njDYnHD1PHcKnTDQnHczrjCznjTkg1nknjTKnE7-PW9dm1TduiYvnyEvsHwWPvNVmHm3raYkuh7bryNLP10OPHmKnHD1nW9dPHNYPWN3PjNQnjEvPTDQnHnzrjNdPHEvPHcdP1bknWT3TEDYnW9zTHnYn9DQsWTKTiYKTE7CIZwk01CfsLGlsWN3shPfUiqkpyOkmy-MUvOMXgNf0A3fnit4Uy-80ZFGmvNqnWTkn7t1njTkTEDYnB3zn1m8nHnksWD1THTKnTDQsWTKPjc3n97exEDQnjTkP9DQnjTkrjNQTyD3uymLuWPbsH91ujNVPjTQuadBmyRBsyDYmvnQuW9dPWNzmkDKnTDKTHndnWcQPj6hn191nADkuHD&tid=a8ef7f3d-83d5-401d-baeb-a4cc1f85652c
【整租】玉凤路 升龙凤凰城A区 2室2厅,升龙凤凰城A区,https://legoclick.58.com/cpaclick?target=szqlXB3draOWUvYf0A-80A7Guvq8uL-ds1n3PjTdPHTQP10QnW9dXaO1pZwVUT7bsHmdrjcOnA7WsHn1mW9VPjDOnBd6nvDvsHRbPjI6uHK6rHb1uTD1n1c1nHm1nW93rjTLP9DKn19YnjNdnjDLP1DzrjNKPjTknjTkTHEknjTknTDLnjD1PTD1PjcKnHNvnjb1nHNYnHDvn9DYPk7AEzdkmzd_pgPYUARhITDQTHDKTiYQTEDQnj0zP1TYnH0zPWDknjnOrjT3THTKnHDznW9lnWTkn7t1njTkTHDKrH0On1bvm1nVnAEOraYYuWbzsHbvnymVPWbQPADOnH--rHNYTHDQn10dnW93n1nknWbLnH9knH0KnHD1P1Nzrj91nWbvnWmkPHTdP9DKPjc3n9D1PjcKni3kTEDVTEDKpZwY0ZnlszqlXB3draOWUvYf0A-80A7Guvq8uL-dsLK8s1Df5vdGUMKzpyP-5HcknjKxn1TknTDKPjc8nWnvsWD1na3QnkDkTHTKni3kTHEzrjcKXLYKnHTknjmKnHTknj9dnEDvP1EknW03midhnAELsHEkuW0VmhR6nBd6PH0LP1DzPWn3myEKTHTKTEDkPHmzmHbdnHFbrH93uH93&tid=6740278a-f0d7-40f7-bea2-a577712638ad
【整租】玉凤路 升龙凤凰城A区 2室2厅,升龙凤凰城A区,https://legoclick.58.com/cpaclick?target=szqlXB3draOWUvYf0A-80A7Guvq8uL-ds1n3PjTdPHDQPHDOPHDzXaO1pZwVUT7bsHmdrjcOnA7WsHn1mW9VPjDOnBd6nvDvsHRbPjI6uHK6rHb1uTD1n1c1nHm1nW93rjTLP9DKn19YnjNdnHDdnHbdnHcKPjTknjTkTHEknjTknTDLnjD1PTD1PjcKnHNvnjb1nHNYnHDvn9DYrT7AEzdkmzd_pgPYUARhITDQTHDKTiYQTEDQnj0zP1TYnH0zPWDknjnOrjT3THTKnHDznW9lnWTkn7t1njTkTHDKmW66nj6BuAEVmHmOnBYYrjKbsyF-mWNVPW6BPHRhPvEYnWbQTHDQn10dnWbQPHcdnH9zn19znj9KnHD1P1NzrHDdnWEYPWb1PHTYnTDKPjc3n9D1PjcKni3kTEDVTEDKpZwY0ZnlszqlXB3draOWUvYf0A-80A7Guvq8uL-dsLK8s1Df5vdGUMKzpyP-5HcknjKxn1TknTDKPjc8nWnvsWD1na3QnkDkTHTKni3kTHEzrjcKXLYKnHTknjmKnHTknj9dnE7huhu6PWR-PBdhmHc1sHEYrHbVrj9QmzdbnyDdPhubnjcQmycKTHTKTE76mvNLPWTYuHKBmH7hry7h&tid=fffa65e6-fa23-4499-881c-d1a56fd021ab
【整租】曼哈顿 曼哈顿广场 1室2厅,曼哈顿广场,https://legoclick.58.com/cpaclick?target=szqlXB3draOWUvYf0A-80A7Guvq8uL-ds1nLrHczP1NYPWNvnHE3XaO1pZwVUT7bsHmdrjcOnA7WsHn1mW9VPjDOnBd6nvDvsHRbPjI6uHK6rHb1uTDQnHcOPj9kPHcdrHcLnTDKn10OnWcLPHEvPHmQPj9KPjTknjTkTHEknjTknTDLnjD1PTD1PjcKnHNvnjb1nHNYnHDvn9DYrE7AEzdkmzd_pgPYUARhITDQTHDKTiYQTEDQnjmOrjELPHcknHE1P1EOnHckTHTKnHDznW9lnWTkn7t1njTkTHDKmHI-uH-BuHDVrjnLPBYYuAEvsyFhPvDVnj7-mhnYnvcYnANdTHDQnWDLnHTQP1NdPWTOn10YP1cKnHDznH0QnjDLPHNkPWEQnHNznTDKPjc3n9D1PjcKni3kTEDVTEDKpZwY0ZnlszqlXB3draOWUvYf0A-80A7Guvq8uL-dsLK8s1Df5vdGUMKzpyP-5HcknjKxn1TknTDKPjc8nWnvsWD1na3QnkDkTHTKni3kTHEzrjcKXLYKnHTknjmKnHTknj9dnEDOPH-BP1TOuBYYPvu6sHwbmvNVrHPhridhmvNQPhnOP1D1n1EKTHTKTEDOPH-WuHbOmHckn1NOPAmk&tid=959b709f-47fa-4dce-93f9-fce16c971334
【整租】WI微爱公寓 航海东路 WI微爱公寓,航海东路,https://legoclick.58.com/cpaclick?target=szqlXB3draOWUvYf0A-80A7Guvq8uL-ds1nLP1T3PjTknjTkP10LXaO1pZwVUT7bsHmdrjcOnA7WsHn1mW9VPjDOnBd6nvDvsHRbPjI6uHK6rHb1uTDQrH9dPHNYnjnQPjnLPTDKn10Lnj9YnjTknjTLP10KPjTknjTkTHEknjTknTDLnjD1PTD1PjcKnHNvnjb1nHNYnHDvn9DdnT7AEzdkmzd_pgPYUARhITDQTHDKTiYQTEDQnjb3nH9On1E1n10OPjndPHckTHTKnHDznW9lnWTkn7t1njTkTHDKnjbvmWc3nhDVPW-WPiYYrjTksyD3nyEVrHc3mWn3m1ubPWEdTHDQnHEvrjmznjcknHmOPW9LnjEKnHDQPjm3PWcknH9OnHDYn1m3nTDKPjc3n9D1PjcKni3kTEDVTEDKpZwY0ZnlszqlXB3draOWUvYf0A-80A7Guvq8uL-dsLK8s1Df5vdGUMKzpyP-5HcknjKxn1TknTDKPjc8nWnvsWD1na3QnkDkTHTKni3kTHEzrjcKXLYKnHTknjmKnHTknj9dnEDvm1KbrjwWriYknH6-sHwhnjbVrHcLmiYQnHTQnAmvmhR6PymKTHTKTED1uWFbPjwBm1K6rjTQPjmz&tid=6c0d84c9-018e-4f09-927a-11010f6bea5f
